<?xml version="1.0" encoding="UTF-8"?>
<project-private xmlns="http://www.netbeans.org/ns/project-private/1">
    <editor-bookmarks xmlns="http://www.netbeans.org/ns/editor-bookmarks/2" lastBookmarkId="0"/>
    <open-files xmlns="http://www.netbeans.org/ns/projectui-open-files/2">
        <group>
            <file>file:/media/aluno/MARY/SI/Lp1/Projeto2/src/SQL/produto.sql</file>
            <file>file:/media/aluno/MARY/SI/Lp1/Projeto2/src/br/com/projeto2/view/ProdutoVIEW.java</file>
        </group>
    </open-files>
</project-private>
